-- Courts table

INSERT INTO `db_raquetclub`.`courts` (`id_court`, `court_name`, `base_price`) VALUES ('1', 'Tennis', '50');
INSERT INTO `db_raquetclub`.`courts` (`id_court`, `court_name`, `base_price`) VALUES ('2', 'Pickeball', '35');
INSERT INTO `db_raquetclub`.`courts` (`id_court`, `court_name`, `base_price`) VALUES ('3', 'Raquetball', '30');
INSERT INTO `db_raquetclub`.`courts` (`id_court`, `court_name`, `base_price`) VALUES ('4', 'Paddel', '50');


-- Customer table
INSERT INTO customer (id_customer, name, last_name, phone_number) VALUES
(1, 'John', 'Smith', '555-201-4432'),
(2, 'Emily', 'Johnson', '555-982-1144'),
(3, 'Michael', 'Brown', '555-771-9833'),
(4, 'Olivia', 'Davis', '555-663-1299'),
(5, 'Daniel', 'Miller', '555-448-2290'),
(6, 'Sophia', 'Wilson', '555-744-9934'),
(7, 'James', 'Anderson', '555-310-8841'),
(8, 'Emma', 'Thomas', '555-997-5402'),
(9, 'Benjamin', 'Taylor', '555-675-4122'),
(10, 'Ava', 'Moore', '555-223-9988'),
(11, 'Lucas', 'Jackson', '555-119-0345'),
(12, 'Mia', 'Martin', '555-882-3311'),
(13, 'Henry', 'Lee', '555-502-8804'),
(14, 'Charlotte', 'Perez', '555-664-7110'),
(15, 'Alexander', 'Thompson', '555-991-2043'),
(16, 'Amelia', 'White', '555-320-9114'),
(17, 'Ethan', 'Harris', '555-452-2333'),
(18, 'Harper', 'Sanchez', '555-888-1902'),
(19, 'Logan', 'Clark', '555-732-5227'),
(20, 'Luna', 'Ramirez', '555-408-6611'),
(21, 'Matthew', 'Lewis', '555-290-7483'),
(22, 'Ella', 'Walker', '555-640-9899'),
(23, 'Sebastian', 'Young', '555-770-5521'),
(24, 'Aria', 'Hall', '555-234-9981'),
(25, 'Jack', 'Allen', '555-811-4554'),
(26, 'Camila', 'King', '555-442-2294'),
(27, 'Owen', 'Wright', '555-554-7133'),
(28, 'Layla', 'Scott', '555-912-4200'),
(29, 'Leo', 'Torres', '555-345-9902'),
(30, 'Nora', 'Nguyen', '555-822-6491');

-- Reservation table
INSERT INTO reservations (time_start, end_time, date) VALUES
('2025-01-02 18:04:00.000000', '2025-01-02 19:04:00.000000', '2025-01-02'),
('2025-01-03 11:44:00.000000', '2025-01-03 12:44:00.000000', '2025-01-03'),
('2025-01-04 14:17:00.000000', '2025-01-04 15:17:00.000000', '2025-01-04'),
('2025-01-05 10:52:00.000000', '2025-01-05 11:52:00.000000', '2025-01-05'),
('2025-01-06 09:14:00.000000', '2025-01-06 10:14:00.000000', '2025-01-06'),
('2025-01-07 12:10:00.000000', '2025-01-07 13:10:00.000000', '2025-01-07'),
('2025-01-08 14:23:00.000000', '2025-01-08 15:23:00.000000', '2025-01-08'),
('2025-01-09 11:21:00.000000', '2025-01-09 12:21:00.000000', '2025-01-09'),
('2025-01-10 14:43:00.000000', '2025-01-10 15:43:00.000000', '2025-01-10'),
('2025-01-11 17:12:00.000000', '2025-01-11 18:12:00.000000', '2025-01-11'),
('2025-01-12 12:01:00.000000', '2025-01-12 13:01:00.000000', '2025-01-12'),
('2025-01-13 15:39:00.000000', '2025-01-13 16:39:00.000000', '2025-01-13'),
('2025-01-14 13:55:00.000000', '2025-01-14 14:55:00.000000', '2025-01-14'),
('2025-01-15 13:38:00.000000', '2025-01-15 14:38:00.000000', '2025-01-15'),
('2025-01-16 09:33:00.000000', '2025-01-16 10:33:00.000000', '2025-01-16'),
('2025-01-17 14:36:00.000000', '2025-01-17 15:36:00.000000', '2025-01-17'),
('2025-01-18 16:34:00.000000', '2025-01-18 17:34:00.000000', '2025-01-18'),
('2025-01-19 14:15:00.000000', '2025-01-19 15:15:00.000000', '2025-01-19'),
('2025-01-20 10:34:00.000000', '2025-01-20 11:34:00.000000', '2025-01-20'),
('2025-01-21 10:41:00.000000', '2025-01-21 11:41:00.000000', '2025-01-21'),
('2025-01-22 08:49:00.000000', '2025-01-22 09:49:00.000000', '2025-01-22'),
('2025-01-23 16:42:00.000000', '2025-01-23 17:42:00.000000', '2025-01-23'),
('2025-01-24 12:06:00.000000', '2025-01-24 13:06:00.000000', '2025-01-24'),
('2025-01-25 16:28:00.000000', '2025-01-25 17:28:00.000000', '2025-01-25'),
('2025-01-26 10:33:00.000000', '2025-01-26 11:33:00.000000', '2025-01-26'),
('2025-01-27 10:45:00.000000', '2025-01-27 11:45:00.000000', '2025-01-27'),
('2025-01-28 12:42:00.000000', '2025-01-28 13:42:00.000000', '2025-01-28'),
('2025-01-29 17:29:00.000000', '2025-01-29 18:29:00.000000', '2025-01-29'),
('2025-01-30 11:41:00.000000', '2025-01-30 12:41:00.000000', '2025-01-30'),
('2025-01-31 12:19:00.000000', '2025-01-31 13:19:00.000000', '2025-01-31'),
('2025-02-01 08:44:00.000000', '2025-02-01 09:44:00.000000', '2025-02-01'),
('2025-02-02 15:19:00.000000', '2025-02-02 16:19:00.000000', '2025-02-02'),
('2025-02-03 14:29:00.000000', '2025-02-03 15:29:00.000000', '2025-02-03'),
('2025-02-04 13:56:00.000000', '2025-02-04 14:56:00.000000', '2025-02-04'),
('2025-02-05 11:30:00.000000', '2025-02-05 12:30:00.000000', '2025-02-05'),
('2025-02-06 17:37:00.000000', '2025-02-06 18:37:00.000000', '2025-02-06'),
('2025-02-07 11:50:00.000000', '2025-02-07 12:50:00.000000', '2025-02-07'),
('2025-02-08 14:28:00.000000', '2025-02-08 15:28:00.000000', '2025-02-08'),
('2025-02-09 11:57:00.000000', '2025-02-09 12:57:00.000000', '2025-02-09'),
('2025-02-10 15:26:00.000000', '2025-02-10 16:26:00.000000', '2025-02-10'),
('2025-02-11 09:10:00.000000', '2025-02-11 10:10:00.000000', '2025-02-11'),
('2025-02-12 12:23:00.000000', '2025-02-12 13:23:00.000000', '2025-02-12'),
('2025-02-13 08:23:00.000000', '2025-02-13 09:23:00.000000', '2025-02-13'),
('2025-02-14 14:22:00.000000', '2025-02-14 15:22:00.000000', '2025-02-14'),
('2025-02-15 15:00:00.000000', '2025-02-15 16:00:00.000000', '2025-02-15'),
('2025-02-16 13:45:00.000000', '2025-02-16 14:45:00.000000', '2025-02-16'),
('2025-02-17 13:13:00.000000', '2025-02-17 14:13:00.000000', '2025-02-17'),
('2025-02-18 13:05:00.000000', '2025-02-18 14:05:00.000000', '2025-02-18'),
('2025-02-19 15:10:00.000000', '2025-02-19 16:10:00.000000', '2025-02-19'),
('2025-02-20 15:48:00.000000', '2025-02-20 16:48:00.000000', '2025-02-20'),
('2025-02-21 14:06:00.000000', '2025-02-21 15:06:00.000000', '2025-02-21'),
('2025-02-22 08:41:00.000000', '2025-02-22 09:41:00.000000', '2025-02-22'),
('2025-02-23 16:48:00.000000', '2025-02-23 17:48:00.000000', '2025-02-23'),
('2025-02-24 17:18:00.000000', '2025-02-24 18:18:00.000000', '2025-02-24'),
('2025-02-25 12:08:00.000000', '2025-02-25 13:08:00.000000', '2025-02-25'),
('2025-02-26 11:08:00.000000', '2025-02-26 12:08:00.000000', '2025-02-26'),
('2025-02-27 10:33:00.000000', '2025-02-27 11:33:00.000000', '2025-02-27'),
('2025-02-28 16:14:00.000000', '2025-02-28 17:14:00.000000', '2025-02-28'),
('2025-03-01 10:06:00.000000', '2025-03-01 11:06:00.000000', '2025-03-01'),
('2025-03-02 12:34:00.000000', '2025-03-02 13:34:00.000000', '2025-03-02'),
('2025-03-03 14:03:00.000000', '2025-03-03 15:03:00.000000', '2025-03-03'),
('2025-03-04 12:37:00.000000', '2025-03-04 13:37:00.000000', '2025-03-04'),
('2025-03-05 15:14:00.000000', '2025-03-05 16:14:00.000000', '2025-03-05'),
('2025-03-06 16:10:00.000000', '2025-03-06 17:10:00.000000', '2025-03-06'),
('2025-03-07 10:53:00.000000', '2025-03-07 11:53:00.000000', '2025-03-07'),
('2025-03-08 15:10:00.000000', '2025-03-08 16:10:00.000000', '2025-03-08'),
('2025-03-09 08:33:00.000000', '2025-03-09 09:33:00.000000', '2025-03-09'),
('2025-03-10 14:00:00.000000', '2025-03-10 15:00:00.000000', '2025-03-10'),
('2025-03-11 17:04:00.000000', '2025-03-11 18:04:00.000000', '2025-03-11'),
('2025-03-12 17:37:00.000000', '2025-03-12 18:37:00.000000', '2025-03-12');
('2023-01-04 09:15:00.000000', '2023-01-04 10:15:00.000000', '2023-01-04'),
('2023-01-06 13:22:00.000000', '2023-01-06 14:22:00.000000', '2023-01-06'),
('2023-01-09 16:44:00.000000', '2023-01-09 17:44:00.000000', '2023-01-09'),
('2023-01-11 11:31:00.000000', '2023-01-11 12:31:00.000000', '2023-01-11'),
('2023-01-15 08:40:00.000000', '2023-01-15 09:40:00.000000', '2023-01-15'),
('2023-02-02 10:28:00.000000', '2023-02-02 11:28:00.000000', '2023-02-02'),
('2023-02-05 15:03:00.000000', '2023-02-05 16:03:00.000000', '2023-02-05'),
('2023-02-10 12:11:00.000000', '2023-02-10 13:11:00.000000', '2023-02-10'),
('2023-02-14 17:49:00.000000', '2023-02-14 18:49:00.000000', '2023-02-14'),
('2023-02-28 09:23:00.000000', '2023-02-28 10:23:00.000000', '2023-02-28'),
('2023-03-03 14:35:00.000000', '2023-03-03 15:35:00.000000', '2023-03-03'),
('2023-03-05 11:52:00.000000', '2023-03-05 12:52:00.000000', '2023-03-05'),
('2023-03-15 08:27:00.000000', '2023-03-15 09:27:00.000000', '2023-03-15'),
('2023-03-17 13:20:00.000000', '2023-03-17 14:20:00.000000', '2023-03-17'),
('2023-03-22 16:03:00.000000', '2023-03-22 17:03:00.000000', '2023-03-22'),
('2023-04-01 09:48:00.000000', '2023-04-01 10:48:00.000000', '2023-04-01'),
('2023-04-07 10:59:00.000000', '2023-04-07 11:59:00.000000', '2023-04-07'),
('2023-04:10 14:11:00.000000', '2023-04-10 15:11:00.000000', '2023-04-10'),
('2023-04-15 17:42:00.000000', '2023-04-15 18:42:00.000000', '2023-04-15'),
('2023-04-20 12:38:00.000000', '2023-04-20 13:38:00.000000', '2023-04-20');


-- Customer_Reservation table
INSERT INTO reservation_details (id_customer, id_reservation, courts_id_court, id_coach) VALUES
(4, 1, 4, 7),
(10, 2, 2, 4),
(9, 3, 1, 4),
(27, 4, 3, 1),
(24, 5, 2, 8),
(28, 6, 4, 7),
(7, 7, 3, 2),
(1, 8, 3, 5),
(18, 9, 3, 6),
(7, 10, 3, 8),
(10, 11, 3, 7),
(18, 12, 3, 7),
(28, 13, 4, 4),
(23, 14, 2, 5),
(6, 15, 1, 1),
(5, 16, 3, 8),
(4, 17, 3, 8),
(17, 18, 3, 1),
(7, 19, 3, 7),
(27, 20, 2, 3),
(19, 21, 4, 6),
(13, 22, 2, 1),
(18, 23, 3, 5),
(5, 24, 2, 8),
(2, 25, 3, 8),
(2, 26, 3, 6),
(14, 27, 1, 1),
(21, 28, 1, 7),
(18, 29, 3, 7),
(21, 30, 4, 2),
(22, 31, 3, 2),
(16, 32, 3, 6),
(30, 33, 2, 3),
(17, 34, 1, 5),
(11, 35, 2, 2),
(22, 36, 4, 5),
(1, 37, 4, 6),
(23, 38, 1, 1),
(25, 39, 1, 3),
(1, 40, 2, 3),
(3, 41, 4, 7),
(18, 42, 1, 2),
(11, 43, 1, 7),
(28, 44, 3, 3),
(12, 45, 4, 7),
(18, 46, 1, 7),
(6, 47, 3, 5),
(23, 48, 3, 5),
(30, 49, 2, 8),
(28, 50, 2, 4),
(8, 51, 1, 8),
(26, 52, 1, 2),
(25, 53, 4, 7),
(22, 54, 1, 1),
(10, 55, 3, 5),
(21, 56, 1, 1),
(29, 57, 3, 1),
(4, 58, 4, 2),
(6, 59, 2, 8),
(2, 60, 3, 2),
(2, 61, 1, 5),
(5, 62, 3, 1),
(15, 63, 1, 2),
(24, 64, 4, 6),
(18, 65, 4, 7),
(6, 66, 3, 8),
(20, 67, 1, 8),
(10, 68, 3, 1),
(24, 69, 1, 4),
(24, 70, 2, 7),
(12, 71, 3, NULL),
(4, 72, 1, NULL),
(29, 73, 4, NULL),
(7, 74, 2, NULL),
(18, 75, 1, NULL),
(21, 76, 3, NULL),
(6, 77, 4, NULL),
(9, 78, 2, NULL),
(1, 79, 1, NULL),
(27, 80, 3, NULL),
(13, 81, 4, NULL),
(22, 82, 2, NULL),
(30, 83, 1, NULL),
(10, 84, 4, NULL),
(5, 85, 3, NULL),
(8, 86, 1, NULL),
(17, 87, 3, NULL),
(24, 88, 2, NULL),
(14, 89, 4, NULL),
(3, 90, 1, NULL);

--Coach table
INSERT INTO coach (coach_name, coach_last_name, coach_phone)
VALUES
('Michael', 'Thompson', '260-555-1823'),
('Laura', 'Gonzalez', '260-555-7741'),
('David', 'Ramirez', '260-555-3398'),
('Sophia', 'Martinez', '260-555-8842'),
('Ethan', 'Walker', '260-555-6670'),
('Isabella', 'Hughes', '260-555-9012'),
('Jonathan', 'Kim', '260-555-4429'),
('Emily', 'Stevens', '260-555-7305');
