id_reservation,time_start,end_time,date
1,"2024-07-19 04:38:25.000000","2024-07-19 07:03:16.000000",2024-07-19
2,"2024-01-22 09:36:40.000000","2024-01-22 11:49:17.000000",2024-01-22
3,"2023-11-25 10:11:23.000000","2023-11-25 11:44:37.000000",2023-11-25
4,"2024-02-09 18:15:47.000000","2024-02-09 19:23:53.000000",2024-02-09
5,"2023-08-17 18:58:43.000000","2023-08-17 21:07:54.000000",2023-08-17
6,"2024-03-02 11:20:46.000000","2024-03-02 13:54:19.000000",2024-03-02
7,"2024-12-11 17:33:01.000000","2024-12-11 20:14:33.000000",2024-12-11
8,"2024-05-28 16:25:15.000000","2024-05-28 18:28:25.000000",2024-05-28
9,"2023-03-08 10:45:26.000000","2023-03-08 12:40:46.000000",2023-03-08
10,"2023-02-03 08:35:58.000000","2023-02-03 10:12:14.000000",2023-02-03
11,"2025-05-03 11:50:34.000000","2025-05-03 13:10:01.000000",2025-05-03
12,"2025-05-20 09:43:52.000000","2025-05-20 11:53:32.000000",2025-05-20
13,"2023-10-08 16:34:50.000000","2023-10-08 19:30:20.000000",2023-10-08
14,"2023-04-28 12:51:36.000000","2023-04-28 14:16:11.000000",2023-04-28
15,"2025-03-27 12:14:47.000000","2025-03-27 13:43:14.000000",2025-03-27
16,"2023-07-18 18:33:45.000000","2023-07-18 19:40:34.000000",2023-07-18
17,"2023-06-15 08:18:01.000000","2023-06-15 09:15:51.000000",2023-06-15
18,"2024-07-27 16:23:10.000000","2024-07-27 18:15:37.000000",2024-07-27
19,"2023-06-18 12:43:37.000000","2023-06-18 14:45:16.000000",2023-06-18
20,"2025-08-10 10:39:47.000000","2025-08-10 12:38:06.000000",2025-08-10
21,"2023-01-19 14:24:44.000000","2023-01-19 17:06:38.000000",2023-01-19
22,"2023-08-02 15:02:50.000000","2023-08-02 17:04:24.000000",2023-08-02
23,"2023-02-10 11:22:52.000000","2023-02-10 12:33:35.000000",2023-02-10
24,"2025-10-19 13:37:13.000000","2025-10-19 15:57:13.000000",2025-10-19
25,"2024-04-21 08:57:05.000000","2024-04-21 11:25:36.000000",2024-04-21
26,"2024-07-19 08:00:00.000000","2024-07-19 09:15:00.000000",2024-07-19
27,"2024-07-19 09:30:00.000000","2024-07-19 10:45:00.000000",2024-07-19
28,"2024-07-19 11:00:00.000000","2024-07-19 12:15:00.000000",2024-07-19
29,"2024-07-19 12:30:00.000000","2024-07-19 13:45:00.000000",2024-07-19
30,"2024-07-19 14:00:00.000000","2024-07-19 15:15:00.000000",2024-07-19
31,"2024-01-22 09:00:00.000000","2024-01-22 10:30:00.000000",2024-01-22
32,"2024-01-22 10:45:00.000000","2024-01-22 12:00:00.000000",2024-01-22
33,"2024-01-22 12:15:00.000000","2024-01-22 13:30:00.000000",2024-01-22
34,"2024-01-22 13:45:00.000000","2024-01-22 15:00:00.000000",2024-01-22
35,"2024-01-22 15:15:00.000000","2024-01-22 16:30:00.000000",2024-01-22
36,"2023-11-25 08:15:00.000000","2023-11-25 09:30:00.000000",2023-11-25
37,"2023-11-25 09:45:00.000000","2023-11-25 11:00:00.000000",2023-11-25
38,"2023-11-25 11:15:00.000000","2023-11-25 12:30:00.000000",2023-11-25
39,"2023-11-25 12:45:00.000000","2023-11-25 14:00:00.000000",2023-11-25
40,"2023-11-25 14:15:00.000000","2023-11-25 15:30:00.000000",2023-11-25
41,"2024-02-09 08:30:00.000000","2024-02-09 09:45:00.000000",2024-02-09
42,"2024-02-09 10:00:00.000000","2024-02-09 11:30:00.000000",2024-02-09
43,"2024-02-09 11:45:00.000000","2024-02-09 13:00:00.000000",2024-02-09
44,"2024-02-09 13:15:00.000000","2024-02-09 14:30:00.000000",2024-02-09
45,"2024-02-09 14:45:00.000000","2024-02-09 16:00:00.000000",2024-02-09
46,"2023-08-17 08:00:00.000000","2023-08-17 09:30:00.000000",2023-08-17
47,"2023-08-17 09:45:00.000000","2023-08-17 11:00:00.000000",2023-08-17
48,"2023-08-17 11:15:00.000000","2023-08-17 12:45:00.000000",2023-08-17
49,"2023-08-17 13:00:00.000000","2023-08-17 14:15:00.000000",2023-08-17
50,"2023-08-17 14:30:00.000000","2023-08-17 15:45:00.000000",2023-08-17
51,"2023-03-08 10:00:00.000000","2023-03-08 11:15:00.000000",2023-03-08
52,"2023-03-08 11:30:00.000000","2023-03-08 12:45:00.000000",2023-03-08
53,"2023-03-08 13:00:00.000000","2023-03-08 14:30:00.000000",2023-03-08
54,"2023-03-08 14:45:00.000000","2023-03-08 16:00:00.000000",2023-03-08
55,"2023-03-08 16:15:00.000000","2023-03-08 17:30:00.000000",2023-03-08
56,"2025-05-03 08:30:00.000000","2025-05-03 09:45:00.000000",2025-05-03
57,"2025-05-03 10:00:00.000000","2025-05-03 11:30:00.000000",2025-05-03
58,"2025-05-03 11:45:00.000000","2025-05-03 13:00:00.000000",2025-05-03
59,"2025-05-03 13:15:00.000000","2025-05-03 14:30:00.000000",2025-05-03
60,"2025-05-03 14:45:00.000000","2025-05-03 16:00:00.000000",2025-05-03
61,"2025-05-20 09:00:00.000000","2025-05-20 10:30:00.000000",2025-05-20
62,"2025-05-20 10:45:00.000000","2025-05-20 12:00:00.000000",2025-05-20
63,"2025-05-20 12:15:00.000000","2025-05-20 13:30:00.000000",2025-05-20
64,"2025-05-20 13:45:00.000000","2025-05-20 15:00:00.000000",2025-05-20
65,"2025-05-20 15:15:00.000000","2025-05-20 16:30:00.000000",2025-05-20
66,"2023-10-08 08:15:00.000000","2023-10-08 09:30:00.000000",2023-10-08
67,"2023-10-08 09:45:00.000000","2023-10-08 11:00:00.000000",2023-10-08
68,"2023-10-08 11:15:00.000000","2023-10-08 12:30:00.000000",2023-10-08
69,"2023-10-08 12:45:00.000000","2023-10-08 14:00:00.000000",2023-10-08
70,"2023-10-08 14:15:00.000000","2023-10-08 15:30:00.000000",2023-10-08
71,"2023-04-28 08:30:00.000000","2023-04-28 09:45:00.000000",2023-04-28
72,"2023-04-28 10:00:00.000000","2023-04-28 11:30:00.000000",2023-04-28
73,"2023-04-28 11:45:00.000000","2023-04-28 13:00:00.000000",2023-04-28
74,"2023-04-28 13:15:00.000000","2023-04-28 14:30:00.000000",2023-04-28
75,"2023-04-28 14:45:00.000000","2023-04-28 16:00:00.000000",2023-04-28
76,"2024-09-01 15:07:18.000000","2024-09-01 17:41:44.000000",2024-09-01
77,"2025-03-21 09:30:49.000000","2025-03-21 11:40:38.000000",2025-03-21
78,"2023-06-09 08:46:14.000000","2023-06-09 10:00:08.000000",2023-06-09
79,"2024-02-17 13:34:21.000000","2024-02-17 16:12:02.000000",2024-02-17
80,"2025-07-09 18:18:31.000000","2025-07-09 20:54:10.000000",2025-07-09
81,"2023-12-03 09:39:42.000000","2023-12-03 11:32:25.000000",2023-12-03
82,"2024-08-19 11:44:14.000000","2024-08-19 13:52:58.000000",2024-08-19
83,"2025-11-10 16:49:37.000000","2025-11-10 19:01:27.000000",2025-11-10
84,"2023-02-27 14:25:03.000000","2023-02-27 16:57:10.000000",2023-02-27
85,"2024-05-19 08:41:55.000000","2024-05-19 10:09:08.000000",2024-05-19
86,"2025-09-16 15:54:29.000000","2025-09-16 18:14:20.000000",2025-09-16
87,"2023-08-11 13:57:07.000000","2023-08-11 15:41:01.000000",2023-08-11
88,"2024-01-14 16:21:39.000000","2024-01-14 18:33:21.000000",2024-01-14
89,"2025-04-30 11:09:12.000000","2025-04-30 13:43:38.000000",2025-04-30
90,"2023-03-04 10:32:31.000000","2023-03-04 12:26:13.000000",2023-03-04
91,"2024-07-13 09:18:46.000000","2024-07-13 11:53:17.000000",2024-07-13
92,"2025-08-03 17:24:18.000000","2025-08-03 19:49:55.000000",2025-08-03
93,"2023-11-29 15:05:04.000000","2023-11-29 17:19:38.000000",2023-11-29
94,"2024-03-08 12:43:51.000000","2024-03-08 14:10:06.000000",2024-03-08
95,"2025-10-23 10:28:40.000000","2025-10-23 12:24:26.000000",2025-10-23
96,"2023-04-02 08:58:29.000000","2023-04-02 10:26:16.000000",2023-04-02
97,"2024-06-28 13:34:18.000000","2024-06-28 16:02:20.000000",2024-06-28
98,"2025-01-03 16:01:45.000000","2025-01-03 18:20:54.000000",2025-01-03
99,"2023-07-30 11:58:36.000000","2023-07-30 13:27:30.000000",2023-07-30
100,"2024-10-21 18:09:27.000000","2024-10-21 20:43:19.000000",2024-10-21
101,"2023-05-02 09:21:14.000000","2023-05-02 11:57:31.000000",2023-05-02
102,"2024-09-10 10:47:52.000000","2024-09-10 12:02:33.000000",2024-09-10
103,"2025-03-15 14:44:03.000000","2025-03-15 17:18:37.000000",2025-03-15
104,"2023-10-24 13:27:45.000000","2023-10-24 15:01:57.000000",2023-10-24
105,"2024-11-05 11:15:12.000000","2024-11-05 13:43:33.000000",2024-11-05
106,"2025-07-26 08:33:59.000000","2025-07-26 10:09:43.000000",2025-07-26
107,"2023-01-23 15:41:18.000000","2023-01-23 17:54:27.000000",2023-01-23
108,"2024-02-03 16:02:06.000000","2024-02-03 17:15:35.000000",2024-02-03
109,"2025-09-01 12:19:41.000000","2025-09-01 14:32:55.000000",2025-09-01
110,"2023-09-02 10:17:38.000000","2023-09-02 12:28:19.000000",2023-09-02
111,"2024-05-24 09:49:07.000000","2024-05-24 11:10:52.000000",2024-05-24
112,"2025-11-14 14:37:16.000000","2025-11-14 17:05:48.000000",2025-11-14
113,"2023-06-26 18:20:25.000000","2023-06-26 19:54:35.000000",2023-06-26
114,"2024-01-18 08:26:52.000000","2024-01-18 10:51:00.000000",2024-01-18
115,"2025-04-18 17:51:40.000000","2025-04-18 20:13:29.000000",2025-04-18
116,"2023-03-21 14:10:31.000000","2023-03-21 15:23:47.000000",2023-03-21
117,"2024-07-01 13:43:58.000000","2024-07-01 16:01:45.000000",2024-07-01
118,"2025-08-21 11:54:44.000000","2025-08-21 13:17:39.000000",2025-08-21
119,"2023-11-16 09:06:13.000000","2023-11-16 11:44:01.000000",2023-11-16
120,"2024-03-14 15:50:39.000000","2024-03-14 17:21:28.000000",2024-03-14
121,"2025-10-29 16:17:22.000000","2025-10-29 18:49:01.000000",2025-10-29
122,"2023-04-25 11:11:37.000000","2023-04-25 13:31:16.000000",2023-04-25
123,"2024-06-13 10:24:06.000000","2024-06-13 12:03:27.000000",2024-06-13
124,"2025-01-11 09:33:49.000000","2025-01-11 12:09:41.000000",2025-01-11
125,"2023-07-11 16:27:30.000000","2023-07-11 18:45:53.000000",2023-07-11
126,"2024-10-02 17:14:58.000000","2024-10-02 19:01:05.000000",2024-10-02
127,"2023-05-20 08:49:26.000000","2023-05-20 10:05:30.000000",2023-05-20
128,"2024-09-06 12:51:34.000000","2024-09-06 14:37:23.000000",2024-09-06
129,"2025-03-06 18:00:41.000000","2025-03-06 20:08:15.000000",2025-03-06
130,"2023-10-13 13:03:08.000000","2023-10-13 14:47:32.000000",2023-10-13
131,"2024-11-09 15:29:54.000000","2024-11-09 17:58:24.000000",2024-11-09
132,"2025-07-30 10:41:37.000000","2025-07-30 13:05:52.000000",2025-07-30
133,"2023-02-05 09:26:43.000000","2023-02-05 11:11:06.000000",2023-02-05
134,"2024-04-03 11:40:18.000000","2024-04-03 13:48:10.000000",2024-04-03
135,"2025-09-10 16:32:44.000000","2025-09-10 18:12:54.000000",2025-09-10
136,"2023-08-06 14:37:25.000000","2023-08-06 17:05:49.000000",2023-08-06
137,"2024-01-10 10:59:52.000000","2024-01-10 12:41:50.000000",2024-01-10
138,"2025-04-25 08:44:37.000000","2025-04-25 10:58:13.000000",2025-04-25
139,"2023-03-01 16:22:11.000000","2023-03-01 18:12:45.000000",2023-03-01
140,"2024-07-10 12:13:40.000000","2024-07-10 14:33:29.000000",2024-07-10
141,"2025-08-13 09:59:33.000000","2025-08-13 12:39:20.000000",2025-08-13
142,"2023-11-21 18:24:31.000000","2023-11-21 20:18:53.000000",2023-11-21
